threshold, execution time (ms), speedup
3,978.376,5.05297
4,975.656,5.06706
5,1005.58,4.9163
6,1006.29,4.91281
7,1075.39,4.59713
8,1086.67,4.54941
9,1098.63,4.49987
10,1097.12,4.50607
11,1086.54,4.54994
